{
    "__JSON__": true,
    "AUTHOR": "Maher Zubair",
    "theme": "Edith",
    "LANGUAGE": "English",
    "LANGCODE": "en",
    "STRINGS": {
        "updater": { 
            "UPDATE": "*_Your bot is Already up-to-date_*",
            "NEW_UPDATE": "*it's time to update the bot!*\n*Changes:*\n",
            "UPDATED_LOCAL": "*Updated Successfully !*"
        },
        "global": {
            "botName": " SIGMA-MD",
            "body": "whatsapp Bot",
            "greet2" : "Thanks To Maher Zubair",
            "pic1": "https://cdn.inprnt.com/thumbs/5d/0b/5d0b7faa113233d7c2a49cd8dbb80ea5@2x.jpg",
            "pic2": "https://i.ytimg.com/vi/Ojhb7XbPnVY/maxresdefault.jpg",
            "pic3": "https://cdn.shopify.com/s/files/1/0568/6497/articles/tom-holland-spider-man-far-from-home-dita-flight-006-sunglasses0.JPG?v=1564681631",
            "pic4": "https://i.ytimg.com/vi/xUYf6ncyVmk/maxresdefault.jpg",
            "pic5": "https://preview.redd.it/8z57ldmb8le61.jpg?auto=webp&s=73679075ba6ecc4c2e1582a722efaeb975aded4e",
            "pic6": "https://cdnb.artstation.com/p/assets/images/images/036/511/783/large/risha-afiska-nabilla-tom-holland.jpg?1617870136",
            "pic7": "https://preview.redd.it/a4x6rjp9hu271.jpg?auto=webp&s=bc7d6e52236d6534171f82d809e83d29e5d4c483",
            "pic8": "https://preview.redd.it/8z57ldmb8le61.jpg?auto=webp&s=73679075ba6ecc4c2e1582a722efaeb975aded4e",
            "pic9": "https://cdnb.artstation.com/p/assets/images/images/036/511/783/large/risha-afiska-nabilla-tom-holland.jpg?1617870136",
            "pic10": "https://preview.redd.it/a4x6rjp9hu271.jpg?auto=webp&s=bc7d6e52236d6534171f82d809e83d29e5d4c483",
            "greet" : "Believe it",
            "dotbody" : "I decided being to be King.",
            "emojii" : "👑",
            "promote": "Admin Role Given to Zubi",
            "pmallow": "*Hi,This is Maher Zubair\n You have been blocked for spamming.",
            "pmwarn": "Hi* \nPlease don't spam else I'll block you for spamming.\nJoin Support Group:\n https://chat.whatsapp.com/JM1yBMlveulDrAN22jHcWV\n*⤹★ᴘᴏᴡᴇʀᴇᴅ ʙʏ★⤸ sɪɢᴍᴀ ᴹᴰ*",
            "permited": "Hi\n\nNow You are permitted by my owner to pm now.\n*⤹★ᴘᴏᴡᴇʀᴇᴅ ʙʏ★⤸ sɪɢᴍᴀ ᴹᴰ*", 
            "revoked" : "*Hi*\nYour pm permit permission has been revoked now.\n*⤹★ᴘᴏᴡᴇʀᴇᴅ ʙʏ★⤸ sɪɢᴍᴀ ᴹᴰ*",
            "demote": "Admin Role Taken back",
            "antlink": "Link Detected.\n*_Good Bye IDiot_*",
            "session": "*This is your session.json,keep it safe*\n*_Now Upload This json file in Your Forked Repo_*\n Connect your repo to Heroku and *Deploy Branch* and Bot will run for Always\n\n*⤹★ᴘᴏᴡᴇʀᴇᴅ ʙʏ★⤸ sɪɢᴍᴀ ᴹᴰ*",
            "mention": " Please mention My Owner",
            "title": "sɪɢᴍᴀ ᴹᴰ",
            "theme": "Edith",
            "footer": "ᴍᴀʜᴇʀ ᴢᴜʙᴀɪʀ\nwww.youtube.com",
            "by": "Made by: ᴍᴀʜᴇʀ ᴢᴜʙᴀɪʀ",
            "chat_desc": "Options Avilable* : 1. mute\n2. unmute\n3. archive\n4. unarchive\n5. read\n6. unread\n7. delete",
            "success": "Done ✓",
            "dot": "Hi, Did you mean *-help?*\n just.. don't bother me while I'm eating MF",
            "couple_male": "*I'm pretty sure I can't live without being helped!*",
            "couple_female": "*I'm pretty sure I can't live without being helped!*",
            "admin": "ᴛʜɪs ᴄᴏᴍᴍᴀɴᴅ ɪs ᴏɴʟʏ ғᴏʀ ɢʀᴏᴜᴘ ᴀᴅᴍɪɴ!",
            "botAdmin": "ᴘʟᴇᴀsᴇ ᴘʀᴏᴠɪᴅᴇ ᴍᴇ ᴀᴅᴍɪɴ ʀᴏʟᴇ.!",
            "owner": "ᴛʜɪs ᴄᴏᴍᴍᴀɴᴅ ɪs ᴏɴʟʏ ғᴏʀ ᴍʏ ᴏᴡɴᴇʀ!",
            "group": "ᴛʜɪs ғᴇᴀᴛᴜʀᴇ ɪs ᴏɴʟʏ ғᴏʀ ɢʀᴏᴜᴘ!",
            "private": "ᴛʜɪs ғᴇᴀᴛᴜʀᴇ ɪs ᴏɴʟʏ ғᴏʀ ᴍʏ ᴏᴡɴᴇʀ!",
            "bot": "ᴛʜɪs ᴄᴏᴍᴍᴀɴᴅ ɪs ᴏɴʟʏ ғᴏʀ ᴍʏ ᴏᴡɴᴇʀ!",
            "wait": "ᴘʀᴏᴄᴇssɪɴɢ ʏᴏᴜʀ ʀᴇᴏ̨ᴜᴇsᴛ"
        },
        "error": {
            "text": "*_You Idiot tried To Edit ME_*\nNow go get this Error fixed*"
        }
    }
  }
  