{
    "__JSON__": true,
    "AUTHOR": "Maher Zubair",
    "theme": "Luffy",
    "LANGUAGE": "English",
    "LANGCODE": "en",
    "STRINGS": { 
        "updater": {
            "UPDATE": "*_Your bot is Already up-to-date_*",
            "NEW_UPDATE": "*it's time to update the bot!*\n*Changes:*\n",
            "UPDATED_LOCAL": "*Updated Successfully !*"
        },
        "global": {
            "botName": " SIGMA-MD",
            "body": "whatsapp Bot",
            "greet2" : "Thanks To Maher Zubair",
            "pic1": "http://images6.fanpop.com/image/photos/40500000/-Epic-Luffy-one-piece-40502132-900-441.jpg",
            "pic2": "https://images.wallpapersden.com/image/download/one-piece-hd-luffy-cool-art_bWhmZWWUmZqaraWkpJRmbmdlrWZlbWU.jpg",
            "pic3": "https://img.uhdpaper.com/wallpaper/luffy-one-piece-417@1@g-thumb.jpg",
            "pic4": "https://steamuserimages-a.akamaihd.net/ugc/1689396737202224497/D7865CB8601CCBF9D8CF772B11C20BEBBB7A4A5E/?imw=637&imh=358&ima=fit&impolicy=Letterbox&imcolor=%23000000&letterbox=true",
            "pic5": "https://img.uhdpaper.com/wallpaper/luffy-sun-god-nika-gear-5-one-piece-399@1@g-thumb.jpg",
            "pic6": "https://encrypted-tbn0.gstatic.com/images?q=tbn:ANd9GcSXB9bA_FL4gT771GMt7k7VcZAZ8mTxTr675g&usqp=CAU",
            "pic7": "https://encrypted-tbn0.gstatic.com/images?q=tbn:ANd9GcR4ilRhRG3Wsb1NrcLNGMhhN-5swyHx2XUieQ&usqp=CAU",
            "pic8": "https://img.uhdpaper.com/wallpaper/luffy-sun-god-nika-gear-5-one-piece-399@1@g-thumb.jpg",
            "pic9": "https://encrypted-tbn0.gstatic.com/images?q=tbn:ANd9GcSXB9bA_FL4gT771GMt7k7VcZAZ8mTxTr675g&usqp=CAU",
            "pic10": "https://encrypted-tbn0.gstatic.com/images?q=tbn:ANd9GcR4ilRhRG3Wsb1NrcLNGMhhN-5swyHx2XUieQ&usqp=CAU",
            "greet" : "Believe it",
            "dotbody" : "I decided being to be King.",
            "emojii" : "👑",
            "promote": "Admin Role Given to Zubi",
            "pmallow": "*Hi,This is Maher Zubair\n You have been blocked for spamming.",
            "pmwarn": "Hi* \nPlease don't spam else I'll block you for spamming.\nJoin Support Group:\n https://chat.whatsapp.com/JM1yBMlveulDrAN22jHcWV\n*⤹★ᴘᴏᴡᴇʀᴇᴅ ʙʏ★⤸ sɪɢᴍᴀ ᴹᴰ*",
            "permited": "Hi\n\nNow You are permitted by my owner to pm now.\n*⤹★ᴘᴏᴡᴇʀᴇᴅ ʙʏ★⤸ sɪɢᴍᴀ ᴹᴰ*", 
            "revoked" : "*Hi*\nYour pm permit permission has been revoked now.\n*⤹★ᴘᴏᴡᴇʀᴇᴅ ʙʏ★⤸ sɪɢᴍᴀ ᴹᴰ*",
            "demote": "Admin Role Taken back",
            "antlink": "Link Detected.\n*_Good Bye IDiot_*",
            "session": "*This is your session.json,keep it safe*\n*_Now Upload This json file in Your Forked Repo_*\n Connect your repo to Heroku and *Deploy Branch* and Bot will run for Always\n\n*⤹★ᴘᴏᴡᴇʀᴇᴅ ʙʏ★⤸ sɪɢᴍᴀ ᴹᴰ*",
            "mention": " Please mention My Owner",
            "title": "sɪɢᴍᴀ ᴹᴰ",
            "theme": "Luffy",
            "footer": "ᴍᴀʜᴇʀ ᴢᴜʙᴀɪʀ\nwww.youtube.com",
            "by": "Made by: ᴍᴀʜᴇʀ ᴢᴜʙᴀɪʀ",
            "chat_desc": "Options Avilable* : 1. mute\n2. unmute\n3. archive\n4. unarchive\n5. read\n6. unread\n7. delete",
            "success": "Done ✓",
            "dot": "Hi, Did you mean *-help?*\n just.. don't bother me while I'm eating MF",
            "couple_male": "*I'm pretty sure I can't live without being helped!*",
            "couple_female": "*I'm pretty sure I can't live without being helped!*",
            "admin": "ᴛʜɪs ᴄᴏᴍᴍᴀɴᴅ ɪs ᴏɴʟʏ ғᴏʀ ɢʀᴏᴜᴘ ᴀᴅᴍɪɴ!",
            "botAdmin": "ᴘʟᴇᴀsᴇ ᴘʀᴏᴠɪᴅᴇ ᴍᴇ ᴀᴅᴍɪɴ ʀᴏʟᴇ.!",
            "owner": "ᴛʜɪs ᴄᴏᴍᴍᴀɴᴅ ɪs ᴏɴʟʏ ғᴏʀ ᴍʏ ᴏᴡɴᴇʀ!",
            "group": "ᴛʜɪs ғᴇᴀᴛᴜʀᴇ ɪs ᴏɴʟʏ ғᴏʀ ɢʀᴏᴜᴘ!",
            "private": "ᴛʜɪs ғᴇᴀᴛᴜʀᴇ ɪs ᴏɴʟʏ ғᴏʀ ᴍʏ ᴏᴡɴᴇʀ!",
            "bot": "ᴛʜɪs ᴄᴏᴍᴍᴀɴᴅ ɪs ᴏɴʟʏ ғᴏʀ ᴍʏ ᴏᴡɴᴇʀ!",
            "wait": "ᴘʀᴏᴄᴇssɪɴɢ ʏᴏᴜʀ ʀᴇᴏ̨ᴜᴇsᴛ"
        },
        "error": {
            "text": "*_You Idiot tried To Edit ME_*\nNow go get this Error fixed*"
        }
    }
  }
  