{
  "sticker": {},
  "database": {},
  "game": {},
  "others": {
    "vote": []
  },
  "users": {
    "923466319114@s.whatsapp.net": {
      "afkTime": -1,
      "afkReason": ""
    },
    "923184070915@s.whatsapp.net": {
      "afkTime": -1,
      "afkReason": ""
    },
    "17863688449@s.whatsapp.net": {
      "afkTime": -1,
      "afkReason": ""
    }
  },
  "chats": {
    "923466319114@s.whatsapp.net": {
      "mute": false,
      "wame": false
    },
    "923184070915@s.whatsapp.net": {
      "mute": false,
      "wame": false
    },
    "17863688449@s.whatsapp.net": {
      "mute": false,
      "wame": false
    }
  }
}