[  
{"SIGMA_MD":"https://i.pinimg.com/474x/86/9b/06/869b0611be8ec3a54ce628c6e7eaa63f.jpg"},
{"SIGMA_MD":"https://i.pinimg.com/474x/4d/27/4c/4d274c9c982617575fa0cf282196fec5.jpg"},
{"SIGMA_MD":"https://i.pinimg.com/originals/db/6d/39/db6d39151c4accc33d133ae0a8478935.jpg"},
{"SIGMA_MD":"https://i.pinimg.com/564x/80/65/4d/80654d9d3fdd80f7d1dcb7f18dcf36fa.jpg"},
{"SIGMA_MD":"https://i.pinimg.com/736x/87/8c/08/878c08a9b710bd312fbcaf7de5ff7179.jpg"},
{"SIGMA_MD":"https://i.pinimg.com/originals/d3/df/9e/d3df9e6c1c7ab5dbc8b1957aac3359d7.jpg"},
{"SIGMA_MD":"https://i.pinimg.com/originals/38/03/ec/3803ecb6acf059641527b092b3aee2b5.png"},
{"SIGMA_MD":"https://i.pinimg.com/200x150/37/d9/80/37d980e911133be6d04aa2f80daff8f0.jpg"},
{"SIGMA_MD":"https://i.pinimg.com/originals/f9/f3/0d/f9f30d2213579d61bf60e61d5d05383c.jpg"},
{"SIGMA_MD":"https://i.pinimg.com/originals/95/bf/f8/95bff82cfeceee25933f4f57c38e4eb7.jpg"},
{"SIGMA_MD":"https://i.pinimg.com/originals/ff/f5/20/fff52028d564e9d4007a2611cf6c2927.jpg"},
{"SIGMA_MD":"https://i.pinimg.com/originals/d7/c0/4a/d7c04a831053dbba06ceb4fd19c267a2.jpg"},
{"SIGMA_MD":"https://i.pinimg.com/originals/bd/2f/03/bd2f03d965092c89e3471c41d328507f.jpg"},
{"SIGMA_MD":"https://i.pinimg.com/originals/26/3d/96/263d96c2e53a8c3543fedb069bc89bf3.jpg"},
{"SIGMA_MD":"https://i.pinimg.com/originals/ae/1d/b9/ae1db9c1a01f5978f735db0a2fb12ae9.jpg"},
{"SIGMA_MD":"https://i.pinimg.com/236x/db/a6/ae/dba6ae7fe2f12f065fde90d0444380cd.jpg"},
{"SIGMA_MD":"https://i.pinimg.com/originals/2b/e0/60/2be0608ee2b376b0ed355fa35b1d672a.gif"},
{"SIGMA_MD":"https://i.pinimg.com/originals/45/d1/b7/45d1b7aa38c9d7ab17138ce321f30ed4.jpg"},
{"SIGMA_MD":"https://i.pinimg.com/736x/94/3d/bd/943dbd3e4ecb5c1aef107c89e3564f29.jpg"},
{"SIGMA_MD":"https://i.pinimg.com/474x/f0/da/90/f0da901c2feb70c7e5ad9bb9084eb675.jpg"},
{"SIGMA_MD":"https://i.pinimg.com/564x/5e/93/6d/5e936d83dd8dded00be3476b65de73d7.jpg"},
{"SIGMA_MD":"https://i.pinimg.com/564x/bd/2b/ea/bd2beac61ebc79bde8632bab83e208a4.jpg"},
{"SIGMA_MD":"https://i.pinimg.com/originals/65/1e/e2/651ee28aabacd9dd2f2f021197e67f85.jpg"},
{"SIGMA_MD":"https://i.pinimg.com/736x/f8/f5/6a/f8f56a050ceebef4b2bb924c2fb112bd.jpg"},
{"SIGMA_MD":"https://i.pinimg.com/474x/64/13/82/64138271ef41a9d9a67768cb67bd9886.jpg"},
{"SIGMA_MD":"https://i.pinimg.com/originals/46/a0/e1/46a0e161af24d74443bb9c6207cd9f61.jpg"},
{"SIGMA_MD":"https://i.pinimg.com/564x/5e/08/38/5e08380bc5069eecdd36d47d66737bf2.jpg"},
{"SIGMA_MD":"https://i.pinimg.com/736x/48/72/9a/48729af5daff8522d9f1187b552a8a06.jpg"},
{"SIGMA_MD":"https://i.pinimg.com/originals/4e/de/50/4ede50bb465bef33025f0238b6250e33.jpg"},
{"SIGMA_MD":"https://i.pinimg.com/originals/16/d8/4e/16d84e547309c4b25e250412bb1bac68.jpg"},
{"SIGMA_MD":"https://i.pinimg.com/474x/8a/a2/ec/8aa2ec4fc3d261b33ba63c0095c18a0f.jpg"},
{"SIGMA_MD":"https://i.pinimg.com/originals/38/ec/c7/38ecc7e253a7a2e61de44a80d7751b04.jpg"},
{"SIGMA_MD":"https://i.pinimg.com/474x/23/36/fa/2336fab07eb0b9b3dbd9c3a9f537a5aa.jpg"},
{"SIGMA_MD":"https://i.pinimg.com/originals/f5/38/dc/f538dc9882d8a4d4ee0f7fd98d210714.jpg"},
{"SIGMA_MD":"https://i.pinimg.com/564x/2f/66/22/2f6622193830523ff7a6b9721cf9a995.jpg"},
{"SIGMA_MD":"https://i.pinimg.com/474x/25/71/41/257141e653195e71feaa54eab8f5352e.jpg"},
{"SIGMA_MD":"https://i.pinimg.com/originals/4f/09/0e/4f090ec74e4da4b3c589270dfc27b176.jpg"},
{"SIGMA_MD":"https://i.pinimg.com/originals/53/83/49/53834986bebe746b5574452dadcea2d0.jpg"},
{"SIGMA_MD":"https://i.pinimg.com/736x/49/de/e2/49dee2c57ca2559870b3aa16de82ba82.jpg"},
{"SIGMA_MD":"https://i.pinimg.com/originals/77/08/de/7708def91d30494001cbacf3959ccf17.jpg"},
{"SIGMA_MD":"https://i.pinimg.com/736x/b4/6b/9f/b46b9fa49f07bfdf6d2a199f3f4efe8e.jpg"},
{"SIGMA_MD":"https://i.pinimg.com/236x/47/c5/6e/47c56ec798310228ec1a6528e7a046ae.jpg"},
{"SIGMA_MD":"https://i.pinimg.com/originals/d6/3e/ea/d63eeaac90d377c5290e5dc745d0af11.jpg"},
{"SIGMA_MD":"https://i.pinimg.com/474x/7f/af/ca/7fafcac2117921a8bfd44bb3c35944b8.jpg"},
{"SIGMA_MD":"https://i.pinimg.com/originals/64/3b/49/643b495125a53e1b9dd95150422b387f.jpg"},
{"SIGMA_MD":"https://i.pinimg.com/originals/35/e5/68/35e5683487b9f015038c1d925e4426d5.jpg"},
{"SIGMA_MD":"https://i.pinimg.com/736x/20/89/f2/2089f249a3811c3102cab07ddc5dad06.jpg"},
{"SIGMA_MD":"https://i.pinimg.com/originals/3b/38/75/3b387548d4cc75671862e5efbd2f358a.jpg"},
{"SIGMA_MD":"https://i.pinimg.com/originals/4f/39/20/4f39204168659158edda724bcf65c80a.jpg"},
{"SIGMA_MD":"https://i.pinimg.com/280x280_RS/8e/b2/ab/8eb2abe23d1379d80ab11f1a10467dc4.jpg"},
{"SIGMA_MD":"https://i.pinimg.com/originals/ec/9d/f3/ec9df33595334befcdd505b8d528dd2d.jpg"},
{"SIGMA_MD":"https://i.pinimg.com/736x/9c/ea/12/9cea1252483da99feddba19f1f90a5c4.jpg"},
{"SIGMA_MD":"https://i.pinimg.com/originals/8c/3f/27/8c3f27cd11ef9af5c7a4746a8bf57efb.jpg"},
{"SIGMA_MD":"https://i.pinimg.com/564x/bd/4d/ce/bd4dceadb17af6235fc97400e55ef0f5.jpg"},
{"SIGMA_MD":"https://i.pinimg.com/736x/b6/30/62/b630620b0d0c8df2fb8ee22fc3130e67.jpg"},
{"SIGMA_MD":"https://i.pinimg.com/474x/0a/21/c8/0a21c8fa4de618d14d41e9910a1d6c3b.jpg"},
{"SIGMA_MD":"https://i.pinimg.com/736x/fb/2d/64/fb2d64adc9310e6ea8cb19c80337e1bb.jpg"},
{"SIGMA_MD":"https://i.pinimg.com/736x/32/3f/ab/323fab46f26d20f593c7befc53764f93.jpg"},
{"SIGMA_MD":"https://i.pinimg.com/originals/25/b9/34/25b934af043c065a4f5392cd42ec6378.jpg"},
{"SIGMA_MD":"https://i.pinimg.com/564x/29/8d/ed/298ded1b3dd537999bd7e927a22d7ea5.jpg"},
{"SIGMA_MD":"https://i.pinimg.com/736x/94/23/02/942302fc8d26b1234b63d4b8e3007999.jpg"},
{"SIGMA_MD":"https://i.pinimg.com/originals/44/17/d6/4417d694be881431ef4a5cd1422f8ffc.jpg"},
{"SIGMA_MD":"https://i.pinimg.com/originals/22/cd/95/22cd95f521d1f672365431504a02c5e1.jpg"},
{"SIGMA_MD":"https://i.pinimg.com/originals/6a/cf/2a/6acf2ab4d7923917e60c86eb873e7694.jpg"},
{"SIGMA_MD":"https://i.pinimg.com/564x/08/58/7a/08587ab532060a09f22882ec45dc28c0.jpg"},
{"SIGMA_MD":"https://i.pinimg.com/originals/d4/54/5c/d4545cb39310e706f0a38981f7c6ed26.jpg"},
{"SIGMA_MD":"https://i.pinimg.com/736x/20/f0/8a/20f08a335bd50600c37c3aeef499f79e.jpg"},
{"SIGMA_MD":"https://i.pinimg.com/originals/97/cc/9d/97cc9dc92d239db259203076849aebec.png"},
{"SIGMA_MD":"https://i.pinimg.com/736x/02/fa/a4/02faa40d324cb4ca2ea50f7eb43a147a.jpg"},
{"SIGMA_MD":"https://i.pinimg.com/736x/9e/19/71/9e1971b594e72df500b762934aba4512.jpg"},
{"SIGMA_MD":"https://i.pinimg.com/originals/2a/b6/24/2ab62480c86af8c06fde45cc7cbcc4cb.jpg"},
{"SIGMA_MD":"https://i.pinimg.com/564x/f2/0e/63/f20e6331ed82ae48eec14b6d34498ab9.jpg"},
{"SIGMA_MD":"https://i.pinimg.com/474x/7c/21/37/7c2137e7f9e7960cf6d02a64744b9073.jpg"},
{"SIGMA_MD":"https://i.pinimg.com/originals/0c/54/9f/0c549fb56ad03243143d0f9306bfc858.jpg"},
{"SIGMA_MD":"https://i.pinimg.com/736x/2d/a2/f1/2da2f1c0d6344ace4c3fe8be920009d9.jpg"},
{"SIGMA_MD":"https://i.pinimg.com/originals/43/c8/dd/43c8dd42c5389e1ce6a82f977ab015ea.jpg"},
{"SIGMA_MD":"https://i.pinimg.com/originals/85/01/e5/8501e5050ec81d01e488b0b410b063ed.jpg"},
{"SIGMA_MD":"https://i.pinimg.com/736x/76/73/20/767320f1fc7d1c56ee5d055a6662a6d3.jpg"},
{"SIGMA_MD":"https://i.pinimg.com/736x/34/6f/da/346fda52b28a69a4151d07aa3d3c9eb6.jpg"},
{"SIGMA_MD":"https://i.pinimg.com/originals/8e/cf/f2/8ecff266293b618dc67c94017f448db0.gif"},
{"SIGMA_MD":"https://i.pinimg.com/550x/d7/6a/2d/d76a2d67bb9d46b63fad3aab5830993b.jpg"},
{"SIGMA_MD":"https://i.pinimg.com/originals/77/1e/98/771e9885a1f2310bd2fed7958a37a7e3.jpg"},
{"SIGMA_MD":"https://i.pinimg.com/originals/25/ed/f2/25edf21dc4116cc9cda880523687d9b7.jpg"},
{"SIGMA_MD":"https://i.pinimg.com/474x/d3/b5/50/d3b5504f646cd7701d2b8aca757bdafb.jpg"},
{"SIGMA_MD":"https://i.pinimg.com/564x/b0/5e/e0/b05ee0fa2cb845549ec82c39eccb40f7.jpg"},
{"SIGMA_MD":"https://i.pinimg.com/originals/f6/58/cf/f658cf7d8015a8e0e3a5fe127ee428ad.jpg"},
{"SIGMA_MD":"https://i.pinimg.com/originals/97/bd/56/97bd569dec644fcf79cc3424d180926f.png"},
{"SIGMA_MD":"https://i.pinimg.com/736x/38/41/43/38414320587213d132915cfca5004849.jpg"},
{"SIGMA_MD":"https://i.pinimg.com/originals/66/d5/7c/66d57ce79a6b4bbe01166d6238f6f632.jpg"},
{"SIGMA_MD":"https://i.pinimg.com/736x/80/95/88/8095886882bb5e8f060d079d7e0b424e.jpg"},
{"SIGMA_MD":"https://i.pinimg.com/736x/bd/37/fa/bd37fa2035f5bd5b7f6668fc980c0f5b.jpg"},
{"SIGMA_MD":"https://i.pinimg.com/originals/4b/41/9e/4b419e07c5f88f425c138496c4eabb71.jpg"},
{"SIGMA_MD":"https://i.pinimg.com/originals/d9/53/b7/d953b767ed2d8b6b65a77b9702862f14.jpg"},
{"SIGMA_MD":"https://i.pinimg.com/564x/1b/a2/f3/1ba2f3fb899dd4d5894e259a0a92662b.jpg"},
{"SIGMA_MD":"https://i.pinimg.com/474x/ed/d5/56/edd55667db06650db65eb72aa4d806d3.jpg"},
{"SIGMA_MD":"https://i.pinimg.com/736x/9a/9a/da/9a9adaaf6141630329f4107c98f5561e.jpg"},
{"SIGMA_MD":"https://i.pinimg.com/736x/91/f3/c3/91f3c3493b3d85ba27883e6453da9130.jpg"},
{"SIGMA_MD":"https://i.pinimg.com/originals/a5/ae/aa/a5aeaa1be9b2238f365564c493279083.jpg"},
{"SIGMA_MD":"https://i.pinimg.com/originals/29/c1/42/29c142360be3d9a6a7e7cfdc9574d615.jpg"},
{"SIGMA_MD":"https://i.pinimg.com/originals/34/74/91/347491c78c873ee2ee71accc5dba36c4.jpg"}

]