[
    {"SIGMA_MD":"https://i.pinimg.com/originals/a2/ae/34/a2ae34fa0d428115ab6aeb9b99452cbb.jpg"},
    {"SIGMA_MD":"https://i.pinimg.com/236x/37/e8/7b/37e87b7701414142ef6c1a115e928dd7.jpg"},
    {"SIGMA_MD":"https://i.pinimg.com/474x/fe/24/f0/fe24f035f5fc4c3303fc7947871c4cc6.jpg"},
    {"SIGMA_MD":"https://i.pinimg.com/originals/fe/bf/b3/febfb321c53b2d401aea3f96f309f490.jpg"},
    {"SIGMA_MD":"https://i.pinimg.com/originals/34/b0/05/34b005a26c6a4b1bae1169f6118de556.jpg"},
    {"SIGMA_MD":"https://i.pinimg.com/originals/30/33/cf/3033cf31b0d1632d5011320261d47fd2.jpg"},
    {"SIGMA_MD":"https://i.pinimg.com/originals/64/db/79/64db79d49edb0f484f51d2ceaf3e4891.jpg"},
    {"SIGMA_MD":"https://i.pinimg.com/736x/5a/0f/ab/5a0fabae97527d788b517777fbd1d511.jpg"},
    {"SIGMA_MD":"https://i.pinimg.com/originals/96/6d/e6/966de6e479f97a56a9e6c54c82c1d2ab.jpg"},
    {"SIGMA_MD":"https://i.pinimg.com/564x/ac/79/3e/ac793e78e6b263b122f86e89e263b2c0.jpg"},
    {"SIGMA_MD":"https://i.pinimg.com/736x/1b/33/6c/1b336c44f5671cd73050b564bd879a59.jpg"},
    {"SIGMA_MD":"https://i.pinimg.com/736x/69/09/5c/69095c047bdd8bac99f1ec3196acfc32.jpg"},
    {"SIGMA_MD":"https://i.pinimg.com/236x/af/27/a2/af27a2f28612100e28cbaf8e380c7abb.jpg"},
    {"SIGMA_MD":"https://i.pinimg.com/736x/62/9a/51/629a5126184dea92cbf088f013c9d462.jpg"},
    {"SIGMA_MD":"https://i.pinimg.com/236x/37/66/ac/3766ac6253f6bef294c7607320f62ee9--anjing-muscular-system.jpg"},
    {"SIGMA_MD":"https://i.pinimg.com/originals/61/9d/78/619d785f0c4219476ef05c4e17291244.jpg"},
    {"SIGMA_MD":"https://i.pinimg.com/736x/1d/5e/42/1d5e42d863d7bdc204645b66c9369ceb.jpg"},
    {"SIGMA_MD":"https://i.pinimg.com/474x/0e/b3/95/0eb395409bd9820a5785cfda7991a904.jpg"},
    {"SIGMA_MD":"https://i.pinimg.com/564x/11/49/b0/1149b0aea40d170ccb7252604303fa88.jpg"},
    {"SIGMA_MD":"https://i.pinimg.com/originals/93/ac/c2/93acc2dad5d8b365d738e4529677b242.jpg"},
    {"SIGMA_MD":"https://i.pinimg.com/564x/ce/ba/07/ceba07ea6aa46692cef645080f0a7aeb.jpg"},
    {"SIGMA_MD":"https://i.pinimg.com/474x/70/f4/c4/70f4c4889b8577ced2e02b2aea767596.jpg"},
    {"SIGMA_MD":"https://i.pinimg.com/originals/cf/50/b1/cf50b145d51dc702b428fa4e12cd4c25.jpg"},
    {"SIGMA_MD":"https://i.pinimg.com/originals/ce/b2/8b/ceb28bf5d7a4a9960f6033dac1f1889c.jpg"},
    {"SIGMA_MD":"https://i.pinimg.com/originals/14/2b/ed/142bed516badfa4dc1bed264cf51519e.jpg"},
    {"SIGMA_MD":"https://i.pinimg.com/originals/6f/d6/b1/6fd6b11f3d82a24c3dfeac514347b241.jpg"},
    {"SIGMA_MD":"https://i.pinimg.com/originals/79/75/bc/7975bc5a2632b6f46dc1066dde1f96e6.jpg"},
    {"SIGMA_MD":"https://i.pinimg.com/originals/36/1f/c2/361fc20f3049e2348039f780b7b23a0d.jpg"},
    {"SIGMA_MD":"https://i.pinimg.com/originals/03/10/1e/03101efb41def949dfb83331a498b99a.jpg"},
    {"SIGMA_MD":"https://i.pinimg.com/474x/a7/5c/ce/a75cce02f6fa6af1167d880aa2cfe36e.jpg"},
    {"SIGMA_MD":"https://i.pinimg.com/originals/e1/19/06/e11906d303e516882ccd2c636b32973e.jpg"},
    {"SIGMA_MD":"https://i.pinimg.com/474x/05/c5/5d/05c55d72136688fb8d6dc32bc36a0729--chihuahua-puppies-chihuahua-love.jpg"},
    {"SIGMA_MD":"https://i.pinimg.com/originals/33/9f/01/339f01aacb67d5c6455ec232ffa52e00.jpg"},
    {"SIGMA_MD":"https://i.pinimg.com/originals/f6/14/76/f61476d687cc688d0189492ca10bfb45.jpg"},
    {"SIGMA_MD":"https://i.pinimg.com/736x/7b/84/48/7b844851b22866a017294ceb00b34f73.jpg"},
    {"SIGMA_MD":"https://i.pinimg.com/originals/dc/81/f6/dc81f67ea498a4c0d15887c266f17158.jpg"},
    {"SIGMA_MD":"https://i.pinimg.com/originals/7d/1f/2b/7d1f2be91a6025556e9b5402a2f9f581.jpg"},
    {"SIGMA_MD":"https://i.pinimg.com/originals/b8/ae/11/b8ae119be45c9f80de19bde2b4c87bad.jpg"},
    {"SIGMA_MD":"https://i.pinimg.com/736x/5d/75/85/5d7585d41aed019da6d3e67086a4bdef.jpg"},
    {"SIGMA_MD":"https://i.pinimg.com/736x/8f/1a/7d/8f1a7d115f465c9305d84c20c21fa0b5.jpg"},
    {"SIGMA_MD":"https://i.pinimg.com/736x/7c/8c/3f/7c8c3f736dd484d9ac875eab56bf1fac.jpg"},
    {"SIGMA_MD":"https://i.pinimg.com/736x/5f/ed/c9/5fedc982f0d20869841a47501f3ecfd4.jpg"},
    {"SIGMA_MD":"https://i.pinimg.com/originals/7f/21/e1/7f21e16d3266551a8eccb19b6f02df77.jpg"},
    {"SIGMA_MD":"https://i.pinimg.com/originals/1d/6d/cb/1d6dcba2ac30e045756f5a018ff9f713.jpg"},
    {"SIGMA_MD":"https://i.pinimg.com/564x/e5/d3/11/e5d3111b1201296a9386f05d46f61d53.jpg"},
    {"SIGMA_MD":"https://i.pinimg.com/236x/1c/d4/8a/1cd48abb2763a6a05ff58f0368b47807.jpg"},
    {"SIGMA_MD":"https://i.pinimg.com/200x150/a1/c5/05/a1c5056129deb917a5bb861739d33b9e.jpg"},
    {"SIGMA_MD":"https://i.pinimg.com/originals/94/b9/ba/94b9ba0def03acd38fd1423e17ccc15b.jpg"},
    {"SIGMA_MD":"https://i.pinimg.com/originals/a9/73/7b/a9737b38b538787c6b8e86394e4e06d3.png"},
    {"SIGMA_MD":"https://i.pinimg.com/originals/de/b1/f9/deb1f91f53aaa474feed41dad343f1f7.jpg"},
    {"SIGMA_MD":"https://i.pinimg.com/originals/f9/f7/06/f9f7061ddec22748b079a777d2625276.jpg"},
    {"SIGMA_MD":"https://i.pinimg.com/originals/f5/f1/41/f5f141c0550e263243b111815655b445.jpg"},
    {"SIGMA_MD":"https://i.pinimg.com/originals/f6/61/05/f66105191c6675f2350c5c1b306ddb85.jpg"},
    {"SIGMA_MD":"https://i.pinimg.com/originals/76/10/86/7610863421c9e91464319d6179548706.jpg"},
    {"SIGMA_MD":"https://i.pinimg.com/originals/f8/ab/cc/f8abcca2376ca6e61d6b769b1cc583b4.jpg"},
    {"SIGMA_MD":"https://i.pinimg.com/originals/5a/3f/90/5a3f90c5f6098a2478c197c7c6a2e541.jpg"},
    {"SIGMA_MD":"https://i.pinimg.com/736x/94/eb/36/94eb36d9635dd487f311049213764141.jpg"},
    {"SIGMA_MD":"https://i.pinimg.com/280x280_RS/c4/d5/50/c4d5505fee02846b08a7f671d92ff5f5.jpg"},
    {"SIGMA_MD":"https://i.pinimg.com/originals/b1/c0/23/b1c0233f1d3a2c397c073d462a4b6f23.jpg"},
    {"SIGMA_MD":"https://i.pinimg.com/originals/7f/fa/cc/7ffacc91a6a7025e1695867e90eae7f1.jpg"},
    {"SIGMA_MD":"https://i.pinimg.com/736x/89/c7/53/89c7536abd50a4ff8210f25a568cd71c.jpg"},
    {"SIGMA_MD":"https://i.pinimg.com/originals/b5/73/a7/b573a7c90c080d836e86db73eb926dc4.jpg"},
    {"SIGMA_MD":"https://i.pinimg.com/originals/94/fc/c4/94fcc40a898732a4c1d0a062493c9ea6.jpg"},
    {"SIGMA_MD":"https://i.pinimg.com/564x/d8/42/2f/d8422f752ddabe5c489d4f504fe57cfb.jpg"},
    {"SIGMA_MD":"https://i.pinimg.com/originals/d2/8e/e0/d28ee0c8bdb2c787b70d65c7b43db4d0.jpg"},
    {"SIGMA_MD":"https://i.pinimg.com/474x/b4/22/2d/b4222dc19eeaed5c2129eea89033dfd3.jpg"},
    {"SIGMA_MD":"https://i.pinimg.com/474x/2d/13/32/2d1332d2b9706123d7e9c18403782532.jpg"},
    {"SIGMA_MD":"https://i.pinimg.com/736x/f3/e4/4e/f3e44e632fc9c88c51532ea9a71820a2.jpg"},
    {"SIGMA_MD":"https://i.pinimg.com/originals/c4/50/77/c4507798db409f04ebfab4da9f96ba18.png"},
    {"SIGMA_MD":"https://i.pinimg.com/originals/55/1f/26/551f266e78ee1a0df2f562fa8fe9ffcc.jpg"},
    {"SIGMA_MD":"https://i.pinimg.com/originals/23/d2/8a/23d28a56898802ffd1dfe0ab87a0fe18.jpg"},
    {"SIGMA_MD":"https://i.pinimg.com/originals/2b/be/c8/2bbec81f7b355de9637877931c99da46.jpg"},
    {"SIGMA_MD":"https://i.pinimg.com/736x/bd/b0/93/bdb09367b594cf3d1cd170ab266959dc.jpg"},
    {"SIGMA_MD":"https://i.pinimg.com/originals/a7/74/b8/a774b8dc62401701157cf60b97816507.jpg"},
    {"SIGMA_MD":"https://i.pinimg.com/736x/7c/28/66/7c28666e12ec8e219a41de76c7f61bba.jpg"},
    {"SIGMA_MD":"https://i.pinimg.com/236x/1e/e9/09/1ee909d3ea9b407a46aa21faccda1edf.jpg"},
    {"SIGMA_MD":"https://i.pinimg.com/originals/f8/be/9d/f8be9d0dbd9107467ac3e9b6d1467b59.jpg"},
    {"SIGMA_MD":"https://i.pinimg.com/originals/cb/44/b7/cb44b7e95feed50381319abec7fea3d4.jpg"},
    {"SIGMA_MD":"https://i.pinimg.com/originals/84/e6/d3/84e6d32fd2278599de0c970d4d49f246.jpg"},
    {"SIGMA_MD":"https://i.pinimg.com/564x/da/ee/f7/daeef71784b8ea3e47e19652a7a114df.jpg"},
    {"SIGMA_MD":"https://i.pinimg.com/736x/67/4e/7e/674e7ee451c60cdc2954ccb96099f033.jpg"},
    {"SIGMA_MD":"https://i.pinimg.com/originals/f2/07/1b/f2071b13190e3dc8db2f02edeae7e99c.jpg"},
    {"SIGMA_MD":"https://i.pinimg.com/originals/39/dc/f3/39dcf3ab5773ea4a53844d188c3383af.jpg"},
    {"SIGMA_MD":"https://i.pinimg.com/474x/19/84/52/198452ae7c21570f4bb42cb2fa2d7fad--sibi%C5%99sk%C3%BD-husky-red-husky.jpg"},
    {"SIGMA_MD":"https://i.pinimg.com/originals/5f/7f/21/5f7f2183b195efd5d5a7daec8089207e.jpg"},
    {"SIGMA_MD":"https://i.pinimg.com/236x/2a/bc/59/2abc5987cf95657204ef0016c70b3adf--smelly-dog-anjing.jpg"},
    {"SIGMA_MD":"https://i.pinimg.com/236x/f4/43/e3/f443e32a69ef5bd6c0fdf75494fc5f46.jpg"},
    {"SIGMA_MD":"https://i.pinimg.com/736x/16/96/3d/16963d370519a874a113fa6bf0bc57a9.jpg"},
    {"SIGMA_MD":"https://i.pinimg.com/736x/8f/c6/1d/8fc61d895a53798500e2296793eec535.jpg"},
    {"SIGMA_MD":"https://i.pinimg.com/originals/df/ed/3b/dfed3be30c21372a84ddc11c25f7488d.jpg"},
    {"SIGMA_MD":"https://i.pinimg.com/originals/9c/24/ae/9c24ae5fc3f676f4f63fa92cfa002c34.jpg"},
    {"SIGMA_MD":"https://i.pinimg.com/originals/91/e3/73/91e373de757b6f58b61ba727bc24dd3e.jpg"},
    {"SIGMA_MD":"https://i.pinimg.com/originals/16/1b/59/161b59ec54036ab56bb9dae98dcdabf6.jpg"},
    {"SIGMA_MD":"https://i.pinimg.com/originals/e3/97/02/e397020e8f5c134e73f3ff2b95433421.png"},
    {"SIGMA_MD":"https://i.pinimg.com/originals/a3/a8/59/a3a8597df8f603583763206cdcc0494c.png"},
    {"SIGMA_MD":"https://i.pinimg.com/originals/b2/bd/a0/b2bda00c6f207f048c2b9f66409e3e80.jpg"},
    {"SIGMA_MD":"https://i.pinimg.com/originals/2c/a1/ce/2ca1ce9e8fb344d2dc61e5c817f735e8.jpg"},
    {"SIGMA_MD":"https://i.pinimg.com/originals/2d/55/a0/2d55a0e5979633d5da703f7f11cf781f.jpg"},
    {"SIGMA_MD":"https://i.pinimg.com/564x/b4/5a/4a/b45a4a167af78e703d8c7cf940bb3df7.jpg"},
    {"SIGMA_MD":"https://i.pinimg.com/736x/82/e9/bb/82e9bb45f702fbce3ce1f110fc94987d.jpg"}
]