[
{"SIGMA_MD":"https://i.pinimg.com/originals/99/d2/ab/99d2abb51ad5f56edce4a456353655f1.jpg"},
{"SIGMA_MD":"https://i.pinimg.com/originals/b5/94/15/b594152904531f1aea62d4fe03912098.png"},
{"SIGMA_MD":"https://i.pinimg.com/736x/67/56/e8/6756e871d52c19298a85863f91ffc54d.jpg"},
{"SIGMA_MD":"https://i.pinimg.com/originals/4d/ff/51/4dff5187487c05e5742b4139209789cd.jpg"},
{"SIGMA_MD":"https://i.pinimg.com/736x/9f/05/27/9f052759fbeda153404b3b094650e54c.jpg"},
{"SIGMA_MD":"https://i.pinimg.com/originals/f6/ca/3c/f6ca3cba9c0efbb712a94108af29f969.jpg"},
{"SIGMA_MD":"https://i.pinimg.com/736x/a8/eb/ba/a8ebbaa116c1a314c51d3f4110949d26.jpg"},
{"SIGMA_MD":"https://i.pinimg.com/originals/9d/b2/fb/9db2fb94646d3bda2f360adee2a6a753.jpg"},
{"SIGMA_MD":"https://i.pinimg.com/736x/a9/d7/94/a9d794f3ca048c3e70d92d9e31227ab2.jpg"},
{"SIGMA_MD":"https://i.pinimg.com/736x/29/4d/e6/294de679bd7443d013c272e639f2c835.jpg"},
{"SIGMA_MD":"https://i.pinimg.com/originals/6a/2e/d1/6a2ed177416b1a363e1a38e34b13f4c9.jpg"},
{"SIGMA_MD":"https://i.pinimg.com/originals/5e/4a/c1/5e4ac138753ea9385cca9671027d0625.jpg"},
{"SIGMA_MD":"https://i.pinimg.com/originals/9d/5e/f6/9d5ef6d29ac9a78c29da4ddd12043ad1.png"},
{"SIGMA_MD":"https://i.pinimg.com/originals/7e/e8/b8/7ee8b80e7275c22786e0097528ab9210.jpg"},
{"SIGMA_MD":"https://i.pinimg.com/originals/bd/89/91/bd8991f2060b45df2ed5f26a0bb28ffb.png"},
{"SIGMA_MD":"https://i.pinimg.com/originals/d6/bd/67/d6bd6768079c9be2c2900a5a1ac3c958.jpg"},
{"SIGMA_MD":"https://i.pinimg.com/736x/07/09/8a/07098a4d722d0de1c138a0e5c71f8f53.jpg"},
{"SIGMA_MD":"https://i.pinimg.com/736x/1b/1b/6a/1b1b6a077e591e4d4c4fff459e95f53c.jpg"},
{"SIGMA_MD":"https://i.pinimg.com/originals/4d/85/7d/4d857d2c9a7f8538a2e7d37608fee38e.jpg"},
{"SIGMA_MD":"https://i.pinimg.com/736x/ea/47/39/ea4739301c245a9b6e1cd3f98a7b0dc6.jpg"},
{"SIGMA_MD":"https://i.pinimg.com/originals/06/41/c5/0641c5fab83cdf1b08fcb9a5587ddb26.jpg"},
{"SIGMA_MD":"https://i.pinimg.com/originals/3b/26/bb/3b26bb483b2854c7b9d65dd7390581de.jpg"},
{"SIGMA_MD":"https://i.pinimg.com/736x/fb/98/d4/fb98d432ae8d583e7b2e70db02ed6768.jpg"},
{"SIGMA_MD":"https://i.pinimg.com/736x/c7/5f/43/c75f43476c9e3ef6848889883c136ca9.jpg"},
{"SIGMA_MD":"https://i.pinimg.com/736x/b5/0e/02/b50e0273f967259737bd7e095b96df97.jpg"},
{"SIGMA_MD":"https://i.pinimg.com/originals/9d/a8/b2/9da8b25239e2667c3f295b74c129cd75.jpg"},
{"SIGMA_MD":"https://i.pinimg.com/originals/10/f0/3c/10f03c73f7d4520d2a230f93fd003fc0.jpg"},
{"SIGMA_MD":"https://i.pinimg.com/736x/90/c6/05/90c605ec8d0f6f7db8a26a776a99a89a.jpg"},
{"SIGMA_MD":"https://i.pinimg.com/originals/bb/d3/23/bbd323dc5a47d77da78c269cb31224fd.jpg"},
{"SIGMA_MD":"https://i.pinimg.com/originals/31/60/f9/3160f9f883a8ad4f1caafb0d782e15b7.jpg"},
{"SIGMA_MD":"https://i.pinimg.com/originals/94/39/c0/9439c0f36a4b15b62327974587b27d8d.jpg"},
{"SIGMA_MD":"https://i.pinimg.com/564x/b7/de/53/b7de537282048405489decddf81ea278.jpg"},
{"SIGMA_MD":"https://i.pinimg.com/736x/26/48/c3/2648c3488a91c62fe9ea3d9f741d3d3a.jpg"},
{"SIGMA_MD":"https://i.pinimg.com/originals/a6/7d/6f/a67d6f87b4619e80eead328a0effa1df.jpg"},
{"SIGMA_MD":"https://i.pinimg.com/originals/72/6e/7e/726e7e50d13903ec88ca09e05806c637.jpg"},
{"SIGMA_MD":"https://i.pinimg.com/736x/4c/e6/ff/4ce6ff733c63c7882a486b5c3591df49.jpg"},
{"SIGMA_MD":"https://i.pinimg.com/originals/f0/65/09/f06509e552d64ea6df39d87a57c54ec1.jpg"},
{"SIGMA_MD":"https://i.pinimg.com/originals/af/66/8b/af668bb4d6e6b2306a2bb1057dadf316.jpg"},
{"SIGMA_MD":"https://i.pinimg.com/originals/ca/18/67/ca1867c2f42092510c406ea86c584407.jpg"},
{"SIGMA_MD":"https://i.pinimg.com/originals/73/af/c0/73afc067585895f3b917b24afaa71c09.jpg"},
{"SIGMA_MD":"https://i.pinimg.com/originals/f0/6e/9c/f06e9cdca93956b229753e4834c89b77.jpg"},
{"SIGMA_MD":"https://i.pinimg.com/564x/2c/f2/28/2cf228488ae3c14384a092687c60b5bc.jpg"},
{"SIGMA_MD":"https://i.pinimg.com/originals/98/0e/bb/980ebbfe32acd45cc7fbee4393de85fc.jpg"},
{"SIGMA_MD":"https://i.pinimg.com/736x/6d/a6/1b/6da61b60ae1fc62885b29d3de8364a14.jpg"},
{"SIGMA_MD":"https://i.pinimg.com/originals/55/82/53/5582533af195934779387d85ad56f9ec.png"},
{"SIGMA_MD":"https://i.pinimg.com/originals/04/1a/c9/041ac91254f3a534ab52309d62ec8e82.jpg"},
{"SIGMA_MD":"https://i.pinimg.com/originals/4f/9c/ac/4f9cac31e04aa44097abf01f2b44f5dd.jpg"},
{"SIGMA_MD":"https://i.pinimg.com/originals/cf/7a/f9/cf7af9f7f2fcfb33778c0f0b9c90ad77.jpg"},
{"SIGMA_MD":"https://i.pinimg.com/474x/8d/56/ea/8d56eacbc1d7c1a76b531cba031378a9.jpg"},
{"SIGMA_MD":"https://i.pinimg.com/474x/bc/22/c1/bc22c1cd6bd9e565c1e34944b32cd34c.jpg"},
{"SIGMA_MD":"https://i.pinimg.com/originals/3f/ff/df/3fffdfcb64b3022ce5e5633c474f7cde.png"},
{"SIGMA_MD":"https://i.pinimg.com/736x/7e/aa/32/7eaa32b68c69646441cb482dba002644.jpg"},
{"SIGMA_MD":"https://i.pinimg.com/474x/ac/24/7a/ac247a52720b01cb017731346cde4b89.jpg"},
{"SIGMA_MD":"https://i.pinimg.com/736x/0f/bb/03/0fbb0301f74ee0166e8d2d312b676234.jpg"},
{"SIGMA_MD":"https://i.pinimg.com/originals/bb/e2/8d/bbe28d3724c5e91f44e4c4604069eea2.png"},
{"SIGMA_MD":"https://i.pinimg.com/564x/fc/bc/b1/fcbcb1248b6a8523c4db143b1fd07c77.jpg"},
{"SIGMA_MD":"https://i.pinimg.com/originals/aa/da/a8/aadaa806bdd08b977f4f51b932b1864a.jpg"},
{"SIGMA_MD":"https://i.pinimg.com/originals/02/d1/e4/02d1e4a3fe802a29fc84b1f774f537ad.jpg"},
{"SIGMA_MD":"https://i.pinimg.com/736x/19/5b/5d/195b5d3d92f5ef218f58ebe9be28be2b.jpg"},
{"SIGMA_MD":"https://i.pinimg.com/736x/ac/96/1c/ac961c28a895bd56a3d55d5ca6dd0da0.jpg"},
{"SIGMA_MD":"https://i.pinimg.com/originals/34/ea/0e/34ea0e679b4633fe12d69150aea3be51.png"},
{"SIGMA_MD":"https://i.pinimg.com/originals/98/0b/b7/980bb7f79201db76ec8dcfe8b5694ae6.jpg"},
{"SIGMA_MD":"https://i.pinimg.com/originals/be/35/4c/be354c23bb21ddd56c44c3ed03716e43.jpg"},
{"SIGMA_MD":"https://i.pinimg.com/originals/59/4b/c9/594bc91c708657a1bc4eadd25b7d81f5.png"},
{"SIGMA_MD":"https://i.pinimg.com/236x/18/7c/05/187c0508dd655bc688b5762746837052.jpg"},
{"SIGMA_MD":"https://i.pinimg.com/originals/dd/23/86/dd2386c6cd95e835449fbc0ed253e7c6.jpg"},
{"SIGMA_MD":"https://i.pinimg.com/originals/8f/e0/dd/8fe0dd2261409fd925e9583df6eab962.jpg"},
{"SIGMA_MD":"https://i.pinimg.com/originals/d0/eb/ed/d0ebedde79804ee331494273301bf9ee.png"},
{"SIGMA_MD":"https://i.pinimg.com/originals/4c/0d/22/4c0d226dfe2dc20652b803f4cc326e75.jpg"},
{"SIGMA_MD":"https://i.pinimg.com/736x/86/85/b0/8685b0cb56049d427788a1f778c3fae3.jpg"},
{"SIGMA_MD":"https://i.pinimg.com/originals/ea/87/72/ea877255536e91d52ae62b134c86f4d7.png"},
{"SIGMA_MD":"https://i.pinimg.com/474x/b4/b0/1c/b4b01c8c2ba624f1382e0e09b8433923.jpg"},
{"SIGMA_MD":"https://i.pinimg.com/originals/45/48/db/4548db09b7495126ed01a22a2f869d9e.jpg"},
{"SIGMA_MD":"https://i.pinimg.com/originals/d0/23/46/d02346a1a628e3806cc4d83c8b883838.jpg"},
{"SIGMA_MD":"https://i.pinimg.com/originals/88/de/42/88de42aa0af27a48f5ecca020c02b115.jpg"},
{"SIGMA_MD":"https://i.pinimg.com/originals/b0/fe/79/b0fe7951ce43d0c29a7f12fa3508a326.jpg"},
{"SIGMA_MD":"https://i.pinimg.com/originals/bb/5a/01/bb5a01d0219630ad3503d41cb2e9a892.jpg"},
{"SIGMA_MD":"https://i.pinimg.com/736x/61/7c/9e/617c9e4360c9e19a1340bf810f1ed20a.jpg"},
{"SIGMA_MD":"https://i.pinimg.com/originals/d0/31/80/d03180cff9969c55779d3855b3f96252.jpg"},
{"SIGMA_MD":"https://i.pinimg.com/originals/9f/ec/fd/9fecfd6e3339a3dac42c90104c50cc45.jpg"},
{"SIGMA_MD":"https://i.pinimg.com/originals/fc/f2/b6/fcf2b63ee683480cf6aec271e927a2ba.jpg"},
{"SIGMA_MD":"https://i.pinimg.com/564x/ca/aa/50/caaa5060e8221a820c918224844e1102.jpg"},
{"SIGMA_MD":"https://i.pinimg.com/736x/b3/ba/aa/b3baaaf4e3ce55848fc24964bcfb45f0.jpg"},
{"SIGMA_MD":"https://i.pinimg.com/originals/16/92/fe/1692fe4ee90a8c94a32e12b517ad7249.jpg"},
{"SIGMA_MD":"https://i.pinimg.com/474x/ab/8c/74/ab8c74cbbe1cd4f07b77ad63175728c1.jpg"},
{"SIGMA_MD":"https://i.pinimg.com/originals/14/43/d7/1443d759291516259bb8b53a51341713.png"},
{"SIGMA_MD":"https://i.pinimg.com/originals/4d/a8/17/4da817f19585443cab95980b9e2a2b3b.jpg"},
{"SIGMA_MD":"https://i.pinimg.com/736x/0b/af/43/0baf43563157ab856c945449035a2d44.jpg"},
{"SIGMA_MD":"https://i.pinimg.com/originals/2f/92/5f/2f925f59232956bdb4321b1779b64d4b.jpg"},
{"SIGMA_MD":"https://i.pinimg.com/originals/1e/cc/dd/1eccdd0eabb741318d5df3e21687225e.jpg"},
{"SIGMA_MD":"https://i.pinimg.com/originals/c5/ab/88/c5ab8837d51db58c4fd03ceb25abdb3a.jpg"},
{"SIGMA_MD":"https://i.pinimg.com/originals/86/6f/dc/866fdc46fdb530bceaa73ba48f1da1fe.jpg"},
{"SIGMA_MD":"https://i.pinimg.com/originals/85/57/e0/8557e0a0a2c45c8e2051087b933a3ea7.png"},
{"SIGMA_MD":"https://i.pinimg.com/originals/2a/45/38/2a453851b345d00d8b730f87301c6336.jpg"},
{"SIGMA_MD":"https://i.pinimg.com/736x/ec/c3/2e/ecc32ece1ea540d103d1dada4aad551c.jpg"},
{"SIGMA_MD":"https://i.pinimg.com/736x/44/99/29/4499298bbb815fc1be4d2bd4e6e95aad.jpg"},
{"SIGMA_MD":"https://i.pinimg.com/originals/2c/39/1e/2c391e3c646c51e7bf8b0b10d6e78b95.png"},
{"SIGMA_MD":"https://i.pinimg.com/736x/7e/e3/1c/7ee31ce6e8c762079ba5ee82881ff40d.jpg"},
{"SIGMA_MD":"https://i.pinimg.com/originals/4d/9c/4b/4d9c4b1b1b717dc7514e06d5fd665522.jpg"},
{"SIGMA_MD":"https://i.pinimg.com/originals/da/92/41/da924185400dd200269a4186d4e34520.jpg"},
{"SIGMA_MD":"https://i.pinimg.com/736x/69/85/9d/69859d2a87c9c8252bd83091326c2f75.jpg"},
{"SIGMA_MD":"https://i.pinimg.com/originals/bc/d1/c0/bcd1c02645d6d260211b23b3b28d1e9e.jpg"},
{"SIGMA_MD":"https://i.pinimg.com/originals/c3/87/f0/c387f0b1affbb36cc999081e15516194.jpg"},
{"SIGMA_MD":"https://i.pinimg.com/originals/8d/7a/69/8d7a69dd875c4452ccae8761489eab2a.jpg"},
{"SIGMA_MD":"https://i.pinimg.com/originals/a7/60/aa/a760aa64936a8a502b9243647daa3df4.jpg"},
{"SIGMA_MD":"https://i.pinimg.com/originals/3e/d6/11/3ed611c7e4f76b9a33f4be1d3e680b57.jpg"},
{"SIGMA_MD":"https://i.pinimg.com/originals/9b/ca/25/9bca25d7127c5b9c9aca593452bb7d94.jpg"},
{"SIGMA_MD":"https://i.pinimg.com/736x/85/95/e1/8595e1c0e9e25ee3bf6cc4a0c0693e30.jpg"},
{"SIGMA_MD":"https://i.pinimg.com/736x/3c/52/d2/3c52d2655b8aa30d637ce5a7a501a147.jpg"},
{"SIGMA_MD":"https://i.pinimg.com/736x/ef/2b/ec/ef2bec2001ac9abeda5bcd569bd58ad9.jpg"},
{"SIGMA_MD":"https://i.pinimg.com/originals/66/c2/4a/66c24ac6e683ff5c356690fcfe2b868b.jpg"},
{"SIGMA_MD":"https://i.pinimg.com/originals/0e/5e/7a/0e5e7a3cc2654376225de42b372b1767.jpg"},
{"SIGMA_MD":"https://i.pinimg.com/originals/22/53/67/225367fc6ea40e1976af7549ca1f90b9.jpg"},
{"SIGMA_MD":"https://i.pinimg.com/originals/2b/22/d8/2b22d83d467a9799cbfc1c1ccdb6c80f.jpg"},
{"SIGMA_MD":"https://i.pinimg.com/736x/56/3b/6c/563b6c14c4293c18802adf3f0179e43c.jpg"},
{"SIGMA_MD":"https://i.pinimg.com/736x/dc/4d/5a/dc4d5ac6dd77552968c0bad1e397fac9.jpg"},
{"SIGMA_MD":"https://i.pinimg.com/originals/b7/d0/f1/b7d0f1e48d3e2ce97cc07de0c55b32c3.jpg"},
{"SIGMA_MD":"https://i.pinimg.com/originals/be/11/01/be11013ff3f87eaf4fa883daad9d1a05.jpg"},
{"SIGMA_MD":"https://i.pinimg.com/originals/0d/57/5a/0d575a2c7870589545ce38b8ab326044.jpg"},
{"SIGMA_MD":"https://i.pinimg.com/736x/15/c5/42/15c542e47fc56fbf973c1568b33e723d.jpg"},
{"SIGMA_MD":"https://i.pinimg.com/736x/2b/df/a8/2bdfa8b63cc46bd89317f5abb18792e4.jpg"},
{"SIGMA_MD":"https://i.pinimg.com/originals/78/f6/c0/78f6c0f91a1a66bcdcca424f944e17b9.jpg"},
{"SIGMA_MD":"https://i.pinimg.com/originals/e2/65/3e/e2653ebcb9391124680bf97d066d1cc2.jpg"},
{"SIGMA_MD":"https://i.pinimg.com/originals/15/6c/44/156c44c65734c0f8833f16e1894e2079.jpg"},
{"SIGMA_MD":"https://i.pinimg.com/originals/0b/3a/11/0b3a11c4beb85b4d721d2874d02e7c43.jpg"},
{"SIGMA_MD":"https://i.pinimg.com/originals/fb/dc/31/fbdc31123c1dcd174c5520149c2d9af8.jpg"},
{"SIGMA_MD":"https://i.pinimg.com/originals/c8/2b/3f/c82b3f56f343ff29bfd335913dc21944.jpg"},
{"SIGMA_MD":"https://i.pinimg.com/originals/50/99/66/5099669b558ec40c5a005cbd7ac57e48.jpg"},
{"SIGMA_MD":"https://i.pinimg.com/originals/44/2c/45/442c454882888bcfe6b51b2fb8183d29.jpg"},
{"SIGMA_MD":"https://i.pinimg.com/736x/2c/b4/75/2cb475bc7cb0cee2fc5a3a30579e8a11.jpg"},
{"SIGMA_MD":"https://i.pinimg.com/originals/a7/59/b5/a759b5ac5f726aa95b055f816f8b7ab5.jpg"},
{"SIGMA_MD":"https://i.pinimg.com/originals/1a/8f/2e/1a8f2ecb3774e8c33b1b7e9833489d46.jpg"},
{"SIGMA_MD":"https://i.pinimg.com/736x/22/70/13/2270131b0c818b038eac46be06668b6a.jpg"},
{"SIGMA_MD":"https://i.pinimg.com/originals/90/86/41/9086414c210a07e53ff74ea7df22faf9.jpg"},
{"SIGMA_MD":"https://i.pinimg.com/736x/e2/b3/8d/e2b38dbd17cd583f5e730f48b7b0b3fb.jpg"},
{"SIGMA_MD":"https://i.pinimg.com/originals/b4/82/98/b48298588d8c4ce59baad8ab82b024a1.jpg"},
{"SIGMA_MD":"https://i.pinimg.com/originals/64/af/29/64af29f781012995d8eafd2a29c0c41e.jpg"},
{"SIGMA_MD":"https://i.pinimg.com/originals/8f/f3/d6/8ff3d665bf45e355b7de7998ca87225c.jpg"},
{"SIGMA_MD":"https://i.pinimg.com/originals/ad/cc/c2/adccc22f02679e3abe2e68ae36541dfb.jpg"},
{"SIGMA_MD":"https://i.pinimg.com/736x/05/4d/12/054d12fdedfbf5f4d4a8841a544b52b9.jpg"},
{"SIGMA_MD":"https://i.pinimg.com/originals/d7/94/7e/d7947e6c9736e2a6c402e695f7f7b656.jpg"},
{"SIGMA_MD":"https://i.pinimg.com/originals/1f/c2/fa/1fc2fa0006e553a1c79c962ac10c4928.jpg"},
{"SIGMA_MD":"https://i.pinimg.com/736x/2e/45/a6/2e45a6dd81d797131260feef48a321f9.jpg"},
{"SIGMA_MD":"https://i.pinimg.com/originals/1a/34/82/1a348238018018162321219a93b7d7fd.jpg"},
{"SIGMA_MD":"https://i.pinimg.com/originals/d1/53/81/d15381ef3a41dfabd98115f7918dc38f.jpg"},
{"SIGMA_MD":"https://i.pinimg.com/originals/ed/dd/c8/edddc8f20b8b4020101436a3fbdf8a02.jpg"},
{"SIGMA_MD":"https://i.pinimg.com/originals/d6/84/bf/d684bf47e2725d150cb4c1654df647a6.jpg"},
{"SIGMA_MD":"https://i.pinimg.com/736x/15/18/f7/1518f74213428cd69d23f06c8d75f68b.jpg"},
{"SIGMA_MD":"https://i.pinimg.com/originals/41/a8/48/41a848ba31e4291bc3d2d04670378d7b.jpg"},
{"SIGMA_MD":"https://i.pinimg.com/736x/43/65/5f/43655f21a41ab4be67b41beb3b2fc4a9.jpg"},
{"SIGMA_MD":"https://i.pinimg.com/originals/37/80/35/378035cf64047fbb1ab3a06202a4e7e4.jpg"},
{"SIGMA_MD":"https://i.pinimg.com/originals/86/31/e9/8631e9aea3f6e6467e193422bacc2112.jpg"},
{"SIGMA_MD":"https://i.pinimg.com/736x/66/10/91/6610919bdc64a20a7009523d24cb2cd4.jpg"},
{"SIGMA_MD":"https://i.pinimg.com/originals/e4/67/e6/e467e64b8792b50781341541e3e5ab35.jpg"},
{"SIGMA_MD":"https://i.pinimg.com/736x/f9/cb/89/f9cb897f0ebea92f1d22992cc644aadf.jpg"},
{"SIGMA_MD":"https://i.pinimg.com/originals/1b/62/66/1b626679ba95a853b41e95d0a96e596e.jpg"},
{"SIGMA_MD":"https://i.pinimg.com/originals/97/a5/b6/97a5b68d6be4b3ea9546786856ccf5a8.jpg"},
{"SIGMA_MD":"https://i.pinimg.com/originals/60/c5/7a/60c57aab59f7129e31e14a7847752e35.jpg"},
{"SIGMA_MD":"https://i.pinimg.com/originals/5c/27/c4/5c27c46d79228688d88439b32dc7344a.jpg"},
{"SIGMA_MD":"https://i.pinimg.com/originals/27/38/c5/2738c516e61a23a72f765df09b2d4b4a.jpg"},
{"SIGMA_MD":"https://i.pinimg.com/736x/a8/cc/d9/a8ccd97126b55a1ca92fdcacd8d65b28.jpg"},
{"SIGMA_MD":"https://i.pinimg.com/736x/41/cd/6c/41cd6c4be6510cd43f8bb43597b4eb05.jpg"},
{"SIGMA_MD":"https://i.pinimg.com/originals/03/73/5f/03735fb716ef3e7361f0abbc9448f515.jpg"},
{"SIGMA_MD":"https://i.pinimg.com/originals/d9/c2/b0/d9c2b0b25fe64ae2bd086db7b02c7594.jpg"},
{"SIGMA_MD":"https://i.pinimg.com/originals/86/7f/70/867f70e250b59a51715cbdab7fa3e608.jpg"},
{"SIGMA_MD":"https://i.pinimg.com/originals/fe/12/63/fe1263b8dc0a08bb71bdc51485616fda.jpg"},
{"SIGMA_MD":"https://i.pinimg.com/236x/3b/4d/27/3b4d27530bdbc3d140adbab6f6bf7236.jpg"},
{"SIGMA_MD":"https://i.pinimg.com/736x/0b/24/30/0b2430dad037421931e88131659579c4.jpg"},
{"SIGMA_MD":"https://i.pinimg.com/originals/4d/41/2d/4d412da0c63a13dac8c6db61027ee8ef.jpg"},
{"SIGMA_MD":"https://i.pinimg.com/originals/2f/e8/66/2fe8661bdf960864e78ba9c90fa84f71.jpg"},
{"SIGMA_MD":"https://i.pinimg.com/originals/6a/bc/6c/6abc6c8a2cc5b259c9f94ba817983a79.jpg"},
{"SIGMA_MD":"https://i.pinimg.com/originals/a4/f3/68/a4f3681a80da0d3bb46680ec5d39b26c.png"},
{"SIGMA_MD":"https://i.pinimg.com/originals/89/9b/50/899b5022f3690e77f8f09eb6e414e59c.jpg"},
{"SIGMA_MD":"https://i.pinimg.com/originals/44/47/c8/4447c8ca8ed8122ce027fad6201cde3a.jpg"},
{"SIGMA_MD":"https://i.pinimg.com/originals/9f/4b/80/9f4b80c9727fa061227bbb42f596f82f.jpg"},
{"SIGMA_MD":"https://i.pinimg.com/736x/47/eb/62/47eb6208b9cc061753b6c815daef81d6.jpg"},
{"SIGMA_MD":"https://i.pinimg.com/originals/20/76/4b/20764b77f452252b68390f0ffd9b3006.jpg"},
{"SIGMA_MD":"https://i.pinimg.com/originals/2b/73/d8/2b73d8c1a34ea7629f990a86f351a41d.jpg"},
{"SIGMA_MD":"https://i.pinimg.com/736x/05/8c/f0/058cf074542dfe8a156da548136efe8b.jpg"},
{"SIGMA_MD":"https://i.pinimg.com/736x/ab/27/ee/ab27ee8bc9fa58699c16a02229671bdd.jpg"},
{"SIGMA_MD":"https://i.pinimg.com/736x/12/02/50/120250846fd5ca15d8328d2821027a2d.jpg"},
{"SIGMA_MD":"https://i.pinimg.com/originals/d8/ed/65/d8ed65b933d9e54538db34d4506c6869.jpg"},
{"SIGMA_MD":"https://i.pinimg.com/736x/30/c7/a0/30c7a0128cdf692b3801742fbb787a62.jpg"},
{"SIGMA_MD":"https://i.pinimg.com/originals/ba/d1/c8/bad1c8de9c844849755d110deb98fc38.jpg"},
{"SIGMA_MD":"https://i.pinimg.com/originals/97/c6/83/97c68397f95ffc4990f6b607d7190237.jpg"},
{"SIGMA_MD":"https://i.pinimg.com/originals/4f/ce/d2/4fced2d22f106cfbac0976ff4a4e4487.jpg"},
{"SIGMA_MD":"https://i.pinimg.com/originals/c2/1b/2c/c21b2c3925907fcd8f47ed78639a4efe.jpg"},
{"SIGMA_MD":"https://i.pinimg.com/originals/1b/10/32/1b1032d37453e31027be06a830878bee.jpg"},
{"SIGMA_MD":"https://i.pinimg.com/originals/41/98/23/419823930944f74e1f7d65d550b5db3c.jpg"},
{"SIGMA_MD":"https://i.pinimg.com/originals/4d/b0/57/4db057e3670b122d4dabf76e5df95983.jpg"},
{"SIGMA_MD":"https://i.pinimg.com/originals/4c/78/98/4c78987bd42b9a0dc51083c79f8d8cdf.jpg"},
{"SIGMA_MD":"https://i.pinimg.com/originals/24/bc/b7/24bcb7ddfce9979a3ffea349905a3900.jpg"},
{"SIGMA_MD":"https://i.pinimg.com/originals/41/8b/37/418b3738d087ec6a098a25713847b155.jpg"},
{"SIGMA_MD":"https://i.pinimg.com/originals/00/e0/d1/00e0d16af17f6f27a569f9c7d321b328.png"},
{"SIGMA_MD":"https://i.pinimg.com/736x/d8/eb/23/d8eb2371565e73aba129c4baa658f1fe.jpg"},
{"SIGMA_MD":"https://i.pinimg.com/736x/ae/57/55/ae57556bc4812c7275822949d1650d96.jpg"},
{"SIGMA_MD":"https://i.pinimg.com/236x/c2/5a/ae/c25aaed6334864c8d2275c9832b68e5c.jpg"},
{"SIGMA_MD":"https://i.pinimg.com/originals/23/dd/1c/23dd1c18a343547324be1c59dc191a8d.jpg"},
{"SIGMA_MD":"https://i.pinimg.com/736x/19/b4/19/19b419b3894549b53533e7771af2326c.jpg"},
{"SIGMA_MD":"https://i.pinimg.com/originals/40/80/ac/4080ac661a6bd62bfc375ed67de89b14.jpg"}
  ]