{"_sessions":{"BURkxauSNVCPWxJ3iBwsFvjJcpIL3vXLUemkX/Tvf+ME":{"registrationId":9982,"currentRatchet":{"ephemeralKeyPair":{"pubKey":"BdU2LLTp+IBGpMhOwmVr5v42SV8raBYeNM1bkRYZFPU5","privKey":"iJoaTUzX6ch4Huzb/gu6hpD77k8KCxPx7dD6ssj+TGA="},"lastRemoteEphemeralKey":"BVoXGggzM78z/fs0J4WkyJLj3J14ZHEnwV2FN5EKeSAl","previousCounter":0,"rootKey":"+qpA6xsB3762d5156D9S34e8vNV3Ftzso6WqyYtblFY="},"indexInfo":{"baseKey":"BURkxauSNVCPWxJ3iBwsFvjJcpIL3vXLUemkX/Tvf+ME","baseKeyType":1,"closed":-1,"used":1695133570947,"created":1695133570947,"remoteIdentityKey":"BZaTWomK0YzfnXNcJxPN/Bh6ffv+4dlr1y6hsr3n3HJJ"},"_chains":{"BdU2LLTp+IBGpMhOwmVr5v42SV8raBYeNM1bkRYZFPU5":{"chainKey":{"counter":23,"key":"hbka+BL821JBKnRciy1383KdN/knMPp2RElCa4KbvEA="},"chainType":1,"messageKeys":{}}},"pendingPreKey":{"signedKeyId":1,"baseKey":"BURkxauSNVCPWxJ3iBwsFvjJcpIL3vXLUemkX/Tvf+ME","preKeyId":332}}},"version":"v1"}