{"_sessions":{"BfQDCgbz/UnGRcmNmN1KlcG8a+Q5AKnjkuq8rCYAfbNe":{"registrationId":6957,"currentRatchet":{"ephemeralKeyPair":{"pubKey":"BXeOncP6rQa9ka6q646rMWSamZpjrpIoX3J9MDxWlyR3","privKey":"mPfkS59EVnRME8Ad6e2tsW9RaV8DsAhD3SMvtohQBHY="},"lastRemoteEphemeralKey":"BSOKZJfTdYXrYkkiSih1qTkBfy13a0/4nci8f3Y972oH","previousCounter":0,"rootKey":"s6HWSnqVlpNgf2sYm/SFVQu/2hv10p1ZFerD4D/eMVk="},"indexInfo":{"baseKey":"BfQDCgbz/UnGRcmNmN1KlcG8a+Q5AKnjkuq8rCYAfbNe","baseKeyType":2,"closed":-1,"used":1695133731591,"created":1695133731591,"remoteIdentityKey":"BVVTfMPnTLUKRfx43hs3xeY8VVjgu0v/VVVhEjFCsa46"},"_chains":{"BSOKZJfTdYXrYkkiSih1qTkBfy13a0/4nci8f3Y972oH":{"chainKey":{"counter":1,"key":"dUauebZgHbwQJiokOgejvvvRCGghCZyPlCUziE6RTI8="},"chainType":2,"messageKeys":{}},"BXeOncP6rQa9ka6q646rMWSamZpjrpIoX3J9MDxWlyR3":{"chainKey":{"counter":0,"key":"ctv3hfAQ+mgi77tn1cPAh4LnRpo6tYSmTJyQ+Hf+5lg="},"chainType":1,"messageKeys":{}}}}},"version":"v1"}