{"_sessions":{"BRLwIuj0TbEsk1NaSWpotvg2HZQr3n/XBpTuwjnIxKww":{"registrationId":133,"currentRatchet":{"ephemeralKeyPair":{"pubKey":"BZN1owkPpcazOWGs0SNFGkQ3rmvNvGxwYzc9MCoCvoIC","privKey":"4B5hmksCyAHRc40CQTUePCVJc4lKVB7NgKdtZ1qYN2k="},"lastRemoteEphemeralKey":"BR7wqAlaW3cCWzMXA5gQFFG2FGktziowHY37TZTbnHBM","previousCounter":0,"rootKey":"Bx7n1QazBd3u4BKCacIVh09Xf2+5uHo4BRq1+RsrvhM="},"indexInfo":{"baseKey":"BRLwIuj0TbEsk1NaSWpotvg2HZQr3n/XBpTuwjnIxKww","baseKeyType":1,"closed":-1,"used":1695133765271,"created":1695133765271,"remoteIdentityKey":"Bf1OoY+Gz/6BIV9JBCV36G5bZ4E7JTA02W7yUsF6cwE/"},"_chains":{"BZN1owkPpcazOWGs0SNFGkQ3rmvNvGxwYzc9MCoCvoIC":{"chainKey":{"counter":0,"key":"5xerz+guoJtWVhFtWslaIwsfn37Wg4npZpXlJUOqfN0="},"chainType":1,"messageKeys":{}}},"pendingPreKey":{"signedKeyId":1,"baseKey":"BRLwIuj0TbEsk1NaSWpotvg2HZQr3n/XBpTuwjnIxKww"}}},"version":"v1"}