{"_sessions":{"BVQah25TW6/h1uEy0dG7ceuBVaMVVKg084rJ46ekjK1d":{"registrationId":34,"currentRatchet":{"ephemeralKeyPair":{"pubKey":"BWEndfjBlqaivFeuEay9g1013cDwYUWDCaWaGemph240","privKey":"eChVpAHtUr4Cy+pi9aahYGLtwKp+IfxYQpi3UvXx8nE="},"lastRemoteEphemeralKey":"BUEBXIdkSKPg8kow5uGHiz5BZQEqW6Xcerkti7Bj3PUc","previousCounter":0,"rootKey":"ihuuoWRy2Z+pL5TYblK3w0V5JJKCbKkor72ujaIJcu8="},"indexInfo":{"baseKey":"BVQah25TW6/h1uEy0dG7ceuBVaMVVKg084rJ46ekjK1d","baseKeyType":1,"closed":-1,"used":1695133765276,"created":1695133765276,"remoteIdentityKey":"BQkNlLp2MPgzvEu1tAyL52oBXrM1ZM9V8pE3LTJQJi8A"},"_chains":{"BWEndfjBlqaivFeuEay9g1013cDwYUWDCaWaGemph240":{"chainKey":{"counter":0,"key":"Rl8rbm1aDX8mQoZuyCYVPI1HgO2cQt3eXBoBFxjWcVI="},"chainType":1,"messageKeys":{}}},"pendingPreKey":{"signedKeyId":1,"baseKey":"BVQah25TW6/h1uEy0dG7ceuBVaMVVKg084rJ46ekjK1d"}}},"version":"v1"}